split,roc_auc,average_precision,precision@10,recall@10,precision@25,recall@25,precision@50,recall@50,precision@100,recall@100,precision@250,recall@250,precision@500,recall@500
val,0.8381055517041774,0.826462491969931,0.8999999761581421,0.0010429945541545749,0.9599999785423279,0.0027813187334686518,0.9800000190734863,0.005678526125848293,0.9900000095367432,0.011472940444946289,0.9599999785423279,0.02781318873167038,0.9539999961853027,0.0552787110209465
test,0.8373920216691113,0.8283905152458468,0.8999999761581421,0.0010178692173212767,0.9599999785423279,0.0027143179904669523,0.9599999785423279,0.005428635980933905,0.9399999976158142,0.010631078854203224,0.972000002861023,0.027482470497488976,0.9739999771118164,0.055078037083148956
