split,roc_auc,average_precision,precision@10,recall@10,precision@25,recall@25,precision@50,recall@50,precision@100,recall@100,precision@250,recall@250,precision@500,recall@500
val,0.9354732451637795,0.9495576942403616,1.0,0.0011588828369451848,1.0,0.002897207092362962,1.0,0.005794414184725924,1.0,0.011588828369451848,1.0,0.02897207092362962,0.998,0.057828253563564726
test,0.9353362411852584,0.9502612132409924,1.0,0.001130965844831486,1.0,0.0028274146120787153,1.0,0.005654829224157431,1.0,0.011309658448314861,1.0,0.02827414612078715,1.0,0.0565482922415743
